{
  "services": [
    "ICT Project management",
    "ICT Development",
    "ICT help desk and first level support",
    "ICT security management service",
    "Provision of data",
    "Data analysis",
    "ICT facilities and hosting (non-Cloud)",
    "Computation",
    "Non-Cloud Data storage",
    "Telecom carrier",
    "Network infrastructure",
    "Hardware and physical devices",
    "Software licencing (excl. SaaS)",
    "ICT operation management",
    "ICT Consulting",
    "ICT Risk management",
    "Cloud services: IaaS",
    "Cloud services: PaaS",
    "Cloud services: SaaS",
    "All"
  ],
  "questions": [
    {
      "QuestionID": "1.01",
      "Domain": "Cyber security management and oversight",
      "Subdomain": "Information Security Policy and Organisation",
      "QuestionText": "Does your organization have documented Information security policies and standards?"
    },
    {
      "QuestionID": "1.02",
      "Domain": "Cyber security management and oversight",
      "Subdomain": "Information Security Policy and Organisation",
      "QuestionText": "Is the Information security policy approved by the senior management of your organization?"
    },
    {
      "QuestionID": "1.03",
      "Domain": "Cyber security management and oversight",
      "Subdomain": "Information Security Policy and Organisation",
      "QuestionText": "How frequently is the Information security policy updated?"
    },
    {
      "QuestionID": "2.01",
      "Domain": "Risk management",
      "Subdomain": "Risk Assessment",
      "QuestionText": "Does your organisation perform periodic risk assessments?"
    },
    {
      "QuestionID": "2.02",
      "Domain": "Risk management",
      "Subdomain": "Risk Assessment",
      "QuestionText": "Does your organisation have a policy for maintaining IT assets and managing obsolescence?"
    }
  ],
  "mapping": [
    {
      "ServiceType": "ICT Project management",
      "QuestionID": "1.01"
    },
    {
      "ServiceType": "ICT Project management",
      "QuestionID": "1.02"
    },
    {
      "ServiceType": "ICT Project management",
      "QuestionID": "1.03"
    },
    {
      "ServiceType": "ICT Development",
      "QuestionID": "1.01"
    },
    {
      "ServiceType": "ICT Development",
      "QuestionID": "2.01"
    },
    {
      "ServiceType": "ICT Development",
      "QuestionID": "2.02"
    },
    {
      "ServiceType": "All",
      "QuestionID": "1.01"
    }
  ],
  "weights": [
    {
      "QuestionID": "1.01",
      "Weight": 0.4,
      "ResponseSet": "Yes / No"
    },
    {
      "QuestionID": "1.02",
      "Weight": 0.1,
      "ResponseSet": "Yes / No"
    },
    {
      "QuestionID": "1.03",
      "Weight": 0.1,
      "ResponseSet": "Every 12 months / Every 18 months / Every 24 months / More than 24 months"
    },
    {
      "QuestionID": "2.01",
      "Weight": 0.25,
      "ResponseSet": "Yes - Every 6 months / Yes - Every 12 months / Yes - Every 24 months / No"
    },
    {
      "QuestionID": "2.02",
      "Weight": 0.06,
      "ResponseSet": "Yes, with procedure / Yes, with updated procedure / No"
    }
  ],
  "evidence": [
    {
      "Domain": "Cyber security management and oversight",
      "EvidenceItem": "Information Security Policy"
    },
    {
      "Domain": "Risk management",
      "EvidenceItem": "Risk management policy & framework"
    }
  ]
}