[
  {
    "vendor_id": "V002",
    "vendor_name": "Vendor 2",
    "service": "All",
    "created_at": "2025-11-03 11:03:34",
    "total_score": 100.0,
    "compliance_pct": 100.0,
    "rows": [
      {
        "QuestionID": "1.01",
        "Domain": "Cyber security management and oversight",
        "Subdomain": "Information Security Policy and Organisation",
        "Answer": "Yes",
        "Weight": 0.4,
        "OverallScore": 40.0,
        "ComplianceLevel": "Compliant",
        "ResponseSet": "Yes / No"
      }
    ],
    "evidence": [
      {
        "Domain": "Cyber security management and oversight",
        "EvidenceItem": "Information Security Policy",
        "files": [
          "uploads\\ee70d82484cc0849\\Cyber security management and oversight\\20251103_110334_Questions_Form.jpeg"
        ]
      }
    ]
  },
  {
    "vendor_id": "V001",
    "vendor_name": "Vendor 1",
    "service": "All",
    "created_at": "2025-11-03 11:38:03",
    "total_score": 100.0,
    "compliance_pct": 100.0,
    "rows": [
      {
        "QuestionID": "1.01",
        "Domain": "Cyber security management and oversight",
        "Subdomain": "Information Security Policy and Organisation",
        "Answer": "Yes",
        "Weight": 0.4,
        "OverallScore": 40.0,
        "ComplianceLevel": "Compliant",
        "ResponseSet": "Yes / No"
      }
    ],
    "evidence": [
      {
        "Domain": "Cyber security management and oversight",
        "EvidenceItem": "Information Security Policy",
        "files": [
          "uploads\\f161deba59b96859\\Cyber security management and oversight\\20251103_113803_Questions_Form.jpeg"
        ]
      }
    ]
  },
  {
    "vendor_id": "V002",
    "vendor_name": "Vendor 2",
    "service": "All",
    "created_at": "2025-11-03 11:43:13",
    "total_score": 100.0,
    "compliance_pct": 100.0,
    "rows": [
      {
        "QuestionID": "1.01",
        "Domain": "Cyber security management and oversight",
        "Subdomain": "Information Security Policy and Organisation",
        "Answer": "Yes",
        "Weight": 0.4,
        "OverallScore": 40.0,
        "ComplianceLevel": "Compliant",
        "ResponseSet": "Yes / No"
      }
    ],
    "evidence": [
      {
        "Domain": "Cyber security management and oversight",
        "EvidenceItem": "Information Security Policy",
        "files": [
          "uploads\\ee70d82484cc0849\\Cyber security management and oversight\\20251103_114313_Questions_Form.jpeg"
        ]
      }
    ]
  },
  {
    "vendor_id": "V001",
    "vendor_name": "Vendor 1",
    "service": "All",
    "created_at": "2025-11-03 11:48:26",
    "total_score": 100.0,
    "compliance_pct": 100.0,
    "rows": [
      {
        "QuestionID": "1.01",
        "Domain": "Cyber security management and oversight",
        "Subdomain": "Information Security Policy and Organisation",
        "Answer": "Yes",
        "Weight": 0.4,
        "OverallScore": 40.0,
        "ComplianceLevel": "Compliant",
        "ResponseSet": "Yes / No"
      }
    ],
    "evidence": [
      {
        "Domain": "Cyber security management and oversight",
        "EvidenceItem": "Information Security Policy",
        "files": [
          "uploads\\f161deba59b96859\\Cyber security management and oversight\\20251103_114826_Questions_Form.jpeg"
        ]
      }
    ]
  },
  {
    "vendor_id": "V003",
    "vendor_name": "Vendor 3",
    "service": "ICT Project management",
    "created_at": "2025-11-03 11:49:15",
    "total_score": 83.33333333333334,
    "compliance_pct": 66.66666666666666,
    "rows": [
      {
        "QuestionID": "1.01",
        "Domain": "Cyber security management and oversight",
        "Subdomain": "Information Security Policy and Organisation",
        "Answer": "Yes",
        "Weight": 0.4,
        "OverallScore": 40.0,
        "ComplianceLevel": "Compliant",
        "ResponseSet": "Yes / No"
      },
      {
        "QuestionID": "1.02",
        "Domain": "Cyber security management and oversight",
        "Subdomain": "Information Security Policy and Organisation",
        "Answer": "Yes",
        "Weight": 0.1,
        "OverallScore": 10.0,
        "ComplianceLevel": "Compliant",
        "ResponseSet": "Yes / No"
      },
      {
        "QuestionID": "1.03",
        "Domain": "Cyber security management and oversight",
        "Subdomain": "Information Security Policy and Organisation",
        "Answer": "More than 24 months",
        "Weight": 0.1,
        "OverallScore": 0.0,
        "ComplianceLevel": "Not Compliant",
        "ResponseSet": "Every 12 months / Every 18 months / Every 24 months / More than 24 months"
      }
    ],
    "evidence": [
      {
        "Domain": "Cyber security management and oversight",
        "EvidenceItem": "Information Security Policy",
        "files": [
          "uploads\\dd2ffcb7f17d3ff2\\Cyber security management and oversight\\20251103_114915_Questions_Form.jpeg"
        ]
      }
    ]
  }
]