{
  "1": [
    "1.01",
    "1.02",
    "1.03",
    "1.04",
    "1.05",
    "1.06",
    "1.07",
    "2.01",
    "2.02",
    "2.03",
    "2.04",
    "2.05",
    "2.06",
    "2.07",
    "2.08",
    "2.09",
    "2.10",
    "2.11",
    "2.12",
    "2.13",
    "2.14",
    "3.01",
    "3.02",
    "4.01",
    "4.02",
    "4.03",
    "4.04",
    "4.05",
    "4.06",
    "4.07",
    "4.08",
    "4.09",
    "4.10",
    "4.11",
    "5.01",
    "6.01",
    "6.02",
    "6.03",
    "6.06",
    "6.07",
    "6.10",
    "6.11",
    "6.12",
    "6.13",
    "6.14",
    "7.01",
    "7.02",
    "7.03",
    "7.04",
    "7.05",
    "7.06",
    "7.07",
    "7.08",
    "7.09",
    "7.10",
    "7.11",
    "8.01",
    "8.02",
    "8.03",
    "8.04",
    "8.05",
    "10.02",
    "10.07",
    "10.08",
    "10.09",
    "10.10",
    "10.11",
    "11.01",
    "11.02",
    "11.03",
    "11.04",
    "ICT",
    "Project",
    "management"
  ],
  "2": [
    "1.01",
    "1.02",
    "1.03",
    "1.04",
    "1.05",
    "1.06",
    "1.07",
    "2.01",
    "2.02",
    "2.03",
    "2.04",
    "2.05",
    "2.06",
    "2.07",
    "3.01",
    "3.02",
    "4.01",
    "4.02",
    "4.03",
    "4.04",
    "4.05",
    "4.06",
    "4.07",
    "4.08",
    "4.09",
    "4.10",
    "4.11",
    "4.12",
    "4.13",
    "4.14",
    "4.15",
    "5.01",
    "5.02",
    "5.03",
    "5.04",
    "6.05",
    "6.06",
    "6.07",
    "6.08",
    "6.09",
    "6.10",
    "6.11",
    "6.12",
    "6.13",
    "6.14",
    "7.01",
    "7.02",
    "7.03",
    "7.04",
    "7.05",
    "7.06",
    "7.07",
    "7.08",
    "7.09",
    "7.10",
    "7.11",
    "8.01",
    "8.02",
    "8.03",
    "8.04",
    "8.05",
    "8.06",
    "8.07",
    "8.08",
    "8.09",
    "8.10",
    "8.11",
    "8.12",
    "8.13",
    "8.14",
    "9.01",
    "9.02",
    "9.03",
    "9.04",
    "9.05",
    "9.06",
    "9.07",
    "9.08",
    "9.09",
    "10.01",
    "10.02",
    "10.03",
    "10.04",
    "10.05",
    "10.06",
    "10.07",
    "10.08",
    "10.09",
    "10.10",
    "10.11",
    "10.12",
    "10.13",
    "10.14",
    "11.01",
    "11.02",
    "11.03",
    "11.04",
    "ICT",
    "Development"
  ],
  "3": [
    "1.01",
    "1.02",
    "1.03",
    "1.04",
    "1.05",
    "1.06",
    "2.01",
    "2.02",
    "2.03",
    "2.04",
    "2.05",
    "2.06",
    "2.07",
    "2.08",
    "2.09",
    "2.10",
    "2.11",
    "2.12",
    "2.13",
    "2.14",
    "3.01",
    "3.02",
    "4.01",
    "4.02",
    "4.03",
    "4.04",
    "4.05",
    "4.06",
    "4.07",
    "4.08",
    "4.09",
    "4.10",
    "4.11",
    "5.01",
    "6.01",
    "6.02",
    "6.03",
    "6.04",
    "6.05",
    "6.06",
    "6.07",
    "6.08",
    "6.09",
    "6.10",
    "6.11",
    "6.12",
    "6.13",
    "6.14",
    "7.01",
    "7.02",
    "7.03",
    "7.04",
    "7.05",
    "7.06",
    "7.07",
    "7.08",
    "7.09",
    "7.10",
    "7.11",
    "8.02",
    "8.03",
    "8.05",
    "8.06",
    "8.07",
    "8.08",
    "8.09",
    "8.10",
    "8.14",
    "10.01",
    "10.02",
    "10.07",
    "10.08",
    "10.09",
    "10.10",
    "10.11",
    "11.01",
    "11.02",
    "11.03",
    "11.04",
    "ICT",
    "help",
    "desk",
    "and",
    "first",
    "level",
    "support"
  ],
  "4": [
    "1.01",
    "1.02",
    "1.03",
    "1.04",
    "1.05",
    "1.06",
    "1.07",
    "2.01",
    "2.02",
    "2.03",
    "2.04",
    "2.05",
    "2.06",
    "2.07",
    "2.08",
    "2.09",
    "2.10",
    "2.11",
    "2.12",
    "2.13",
    "2.14",
    "3.01",
    "3.02",
    "4.01",
    "4.02",
    "4.03",
    "4.04",
    "4.05",
    "4.06",
    "4.07",
    "4.08",
    "4.09",
    "4.10",
    "4.11",
    "4.12",
    "4.13",
    "4.14",
    "4.15",
    "5.01",
    "5.02",
    "5.03",
    "5.04",
    "6.01",
    "6.02",
    "6.03",
    "6.04",
    "6.05",
    "6.06",
    "6.07",
    "6.08",
    "6.09",
    "6.10",
    "6.11",
    "6.12",
    "6.13",
    "6.14",
    "7.01",
    "7.02",
    "7.03",
    "7.04",
    "7.05",
    "7.06",
    "7.07",
    "7.08",
    "7.09",
    "7.10",
    "7.11",
    "8.01",
    "8.02",
    "8.03",
    "8.04",
    "8.05",
    "8.06",
    "8.07",
    "8.08",
    "8.09",
    "8.10",
    "8.11",
    "8.12",
    "8.13",
    "8.14",
    "9.01",
    "9.02",
    "9.03",
    "9.04",
    "9.05",
    "9.06",
    "9.07",
    "9.08",
    "9.09",
    "10.01",
    "10.02",
    "10.03",
    "10.04",
    "10.05",
    "10.06",
    "10.07",
    "10.08",
    "10.09",
    "10.10",
    "10.11",
    "10.12",
    "10.13",
    "10.14",
    "11.01",
    "11.02",
    "11.03",
    "11.04",
    "ICT",
    "security",
    "management",
    "service"
  ],
  "5": [
    "Provision",
    "of",
    "data"
  ],
  "6": [
    "1.01",
    "1.02",
    "1.03",
    "1.04",
    "1.05",
    "1.06",
    "2.01",
    "2.02",
    "2.03",
    "2.04",
    "2.05",
    "2.06",
    "2.07",
    "2.08",
    "2.09",
    "2.10",
    "2.11",
    "2.12",
    "2.13",
    "2.14",
    "3.01",
    "3.02",
    "4.01",
    "4.02",
    "4.03",
    "4.04",
    "4.05",
    "4.06",
    "4.07",
    "4.08",
    "4.09",
    "4.10",
    "4.11",
    "4.12",
    "4.13",
    "4.14",
    "4.15",
    "5.01",
    "5.02",
    "5.03",
    "5.04",
    "6.01",
    "6.02",
    "6.03",
    "6.04",
    "6.05",
    "6.06",
    "6.07",
    "6.08",
    "6.09",
    "6.10",
    "6.11",
    "6.12",
    "6.13",
    "6.14",
    "7.01",
    "7.02",
    "7.03",
    "7.04",
    "7.05",
    "7.06",
    "7.07",
    "7.08",
    "7.09",
    "7.10",
    "7.11",
    "8.01",
    "8.02",
    "8.03",
    "8.04",
    "8.05",
    "8.06",
    "8.07",
    "8.08",
    "8.09",
    "8.10",
    "8.11",
    "8.12",
    "8.13",
    "8.14",
    "9.01",
    "9.02",
    "9.03",
    "9.04",
    "9.05",
    "9.06",
    "9.07",
    "9.08",
    "9.09",
    "10.01",
    "10.02",
    "10.03",
    "10.04",
    "10.05",
    "10.06",
    "10.07",
    "10.08",
    "10.09",
    "10.10",
    "10.11",
    "10.12",
    "10.13",
    "10.14",
    "11.01",
    "11.02",
    "11.03",
    "11.04",
    "Data",
    "analysis"
  ],
  "7": [
    "1.01",
    "1.02",
    "1.03",
    "1.04",
    "1.05",
    "1.06",
    "1.07",
    "2.01",
    "2.02",
    "2.03",
    "2.04",
    "2.05",
    "2.06",
    "2.07",
    "2.08",
    "2.09",
    "2.10",
    "2.11",
    "2.12",
    "2.13",
    "2.14",
    "3.01",
    "3.02",
    "4.01",
    "4.02",
    "4.03",
    "4.04",
    "4.05",
    "4.06",
    "4.07",
    "4.08",
    "4.09",
    "4.10",
    "4.11",
    "4.12",
    "4.13",
    "4.14",
    "4.15",
    "5.01",
    "5.02",
    "5.03",
    "5.04",
    "6.01",
    "6.02",
    "6.03",
    "6.04",
    "6.05",
    "6.06",
    "6.07",
    "6.08",
    "6.09",
    "6.10",
    "6.11",
    "6.12",
    "6.13",
    "6.14",
    "7.01",
    "7.02",
    "7.03",
    "7.04",
    "7.05",
    "7.06",
    "7.07",
    "7.08",
    "7.09",
    "7.10",
    "7.11",
    "8.01",
    "8.02",
    "8.03",
    "8.04",
    "8.05",
    "8.06",
    "8.07",
    "8.08",
    "8.09",
    "8.10",
    "8.11",
    "8.12",
    "8.13",
    "8.14",
    "9.01",
    "9.02",
    "9.03",
    "9.04",
    "9.05",
    "9.06",
    "9.07",
    "9.08",
    "9.09",
    "10.01",
    "10.02",
    "10.03",
    "10.04",
    "10.05",
    "10.06",
    "10.07",
    "10.08",
    "10.09",
    "10.10",
    "10.11",
    "10.12",
    "10.13",
    "10.14",
    "11.01",
    "11.02",
    "11.03",
    "11.04",
    "ICT",
    "facilities",
    "and",
    "hosting",
    "services",
    "(excluding",
    "Cloud",
    "services)"
  ],
  "8": [
    "1.01",
    "1.02",
    "1.03",
    "1.04",
    "1.05",
    "1.06",
    "1.07",
    "2.01",
    "2.02",
    "2.03",
    "2.04",
    "2.05",
    "2.06",
    "2.07",
    "2.08",
    "2.09",
    "2.10",
    "2.11",
    "2.12",
    "2.13",
    "2.14",
    "3.01",
    "3.02",
    "4.01",
    "4.02",
    "4.03",
    "4.04",
    "4.05",
    "4.06",
    "4.07",
    "4.08",
    "4.09",
    "4.10",
    "4.11",
    "4.12",
    "4.13",
    "4.14",
    "4.15",
    "5.01",
    "5.02",
    "5.03",
    "5.04",
    "6.01",
    "6.02",
    "6.03",
    "6.04",
    "6.05",
    "6.06",
    "6.07",
    "6.08",
    "6.09",
    "6.10",
    "6.11",
    "6.12",
    "6.13",
    "6.14",
    "7.01",
    "7.02",
    "7.03",
    "7.04",
    "7.05",
    "7.06",
    "7.07",
    "7.08",
    "7.09",
    "7.10",
    "7.11",
    "8.01",
    "8.02",
    "8.03",
    "8.04",
    "8.05",
    "8.06",
    "8.07",
    "8.08",
    "8.09",
    "8.10",
    "8.11",
    "8.12",
    "8.13",
    "8.14",
    "9.01",
    "9.02",
    "9.03",
    "9.04",
    "9.05",
    "9.06",
    "9.07",
    "9.08",
    "9.09",
    "10.01",
    "10.02",
    "10.03",
    "10.04",
    "10.05",
    "10.06",
    "10.07",
    "10.08",
    "10.09",
    "10.10",
    "10.11",
    "10.12",
    "10.13",
    "10.14",
    "11.01",
    "11.02",
    "11.03",
    "11.04",
    "Computation"
  ],
  "9": [
    "1.01",
    "1.02",
    "1.03",
    "1.04",
    "1.05",
    "1.06",
    "1.07",
    "2.01",
    "2.02",
    "2.03",
    "2.04",
    "2.05",
    "2.06",
    "2.07",
    "2.08",
    "2.09",
    "2.10",
    "2.11",
    "2.12",
    "2.13",
    "2.14",
    "3.01",
    "3.02",
    "4.01",
    "4.02",
    "4.03",
    "4.04",
    "4.05",
    "4.06",
    "4.07",
    "4.08",
    "4.09",
    "4.10",
    "4.11",
    "4.12",
    "4.13",
    "4.14",
    "4.15",
    "5.01",
    "5.02",
    "5.03",
    "5.04",
    "6.01",
    "6.02",
    "6.03",
    "6.04",
    "6.05",
    "6.06",
    "6.07",
    "6.08",
    "6.09",
    "6.10",
    "6.11",
    "6.12",
    "6.13",
    "6.14",
    "7.01",
    "7.02",
    "7.03",
    "7.04",
    "7.05",
    "7.06",
    "7.07",
    "7.08",
    "7.09",
    "7.10",
    "7.11",
    "8.01",
    "8.02",
    "8.03",
    "8.04",
    "8.05",
    "8.06",
    "8.07",
    "8.08",
    "8.09",
    "8.10",
    "8.11",
    "8.12",
    "8.13",
    "8.14",
    "9.01",
    "9.02",
    "9.03",
    "9.04",
    "9.05",
    "9.06",
    "9.07",
    "9.08",
    "9.09",
    "10.01",
    "10.02",
    "10.03",
    "10.04",
    "10.05",
    "10.06",
    "10.07",
    "10.08",
    "10.09",
    "10.10",
    "10.11",
    "10.12",
    "10.13",
    "10.14",
    "11.01",
    "11.02",
    "11.03",
    "11.04",
    "Non-Cloud",
    "Data",
    "storage"
  ],
  "10": [
    "1.01",
    "1.02",
    "1.03",
    "1.04",
    "1.05",
    "1.06",
    "1.07",
    "2.01",
    "2.02",
    "2.03",
    "2.04",
    "2.05",
    "2.06",
    "2.07",
    "2.08",
    "2.09",
    "2.10",
    "2.11",
    "2.12",
    "2.13",
    "2.14",
    "3.01",
    "3.02",
    "4.01",
    "4.02",
    "4.03",
    "4.04",
    "4.05",
    "4.06",
    "4.07",
    "4.08",
    "4.09",
    "4.10",
    "4.11",
    "5.01",
    "5.02",
    "5.03",
    "5.04",
    "6.01",
    "6.02",
    "6.03",
    "6.04",
    "6.05",
    "6.06",
    "6.07",
    "6.08",
    "6.09",
    "6.10",
    "6.11",
    "6.12",
    "6.13",
    "6.14",
    "7.01",
    "7.02",
    "7.03",
    "7.04",
    "7.05",
    "7.06",
    "7.07",
    "7.08",
    "7.09",
    "7.10",
    "7.11",
    "8.01",
    "8.02",
    "8.03",
    "8.04",
    "8.05",
    "8.06",
    "8.07",
    "8.08",
    "8.09",
    "8.10",
    "8.11",
    "8.12",
    "8.13",
    "8.14",
    "9.01",
    "9.02",
    "9.03",
    "10.02",
    "10.03",
    "10.04",
    "10.05",
    "10.06",
    "10.07",
    "10.08",
    "10.09",
    "10.10",
    "10.11",
    "10.12",
    "10.13",
    "10.14",
    "Telecom",
    "carrier"
  ],
  "11": [
    "1.01",
    "1.02",
    "1.03",
    "1.04",
    "1.05",
    "1.06",
    "1.07",
    "2.01",
    "2.02",
    "2.03",
    "2.04",
    "2.05",
    "2.06",
    "2.07",
    "2.08",
    "2.09",
    "2.10",
    "2.11",
    "2.12",
    "2.13",
    "2.14",
    "3.01",
    "3.02",
    "4.01",
    "4.02",
    "4.03",
    "4.04",
    "4.05",
    "4.06",
    "4.07",
    "4.08",
    "4.09",
    "4.10",
    "4.11",
    "4.12",
    "4.13",
    "4.14",
    "4.15",
    "5.01",
    "5.02",
    "5.03",
    "5.04",
    "6.01",
    "6.02",
    "6.03",
    "6.04",
    "6.05",
    "6.06",
    "6.07",
    "6.08",
    "6.09",
    "6.10",
    "6.11",
    "6.12",
    "6.13",
    "6.14",
    "7.01",
    "7.02",
    "7.03",
    "7.04",
    "7.05",
    "7.06",
    "7.07",
    "7.08",
    "7.09",
    "7.10",
    "7.11",
    "8.01",
    "8.02",
    "8.03",
    "8.04",
    "8.05",
    "8.06",
    "8.07",
    "8.08",
    "8.09",
    "8.10",
    "8.11",
    "8.12",
    "8.13",
    "8.14",
    "9.01",
    "9.02",
    "9.03",
    "10.04",
    "10.05",
    "10.06",
    "10.07",
    "10.08",
    "10.09",
    "10.10",
    "10.11",
    "10.12",
    "10.13",
    "10.14",
    "Network",
    "infrastructure"
  ],
  "12": [
    "1.01",
    "1.02",
    "1.03",
    "1.04",
    "1.05",
    "1.06",
    "2.01",
    "2.02",
    "2.03",
    "2.04",
    "2.05",
    "2.06",
    "2.07",
    "2.08",
    "2.09",
    "2.10",
    "2.11",
    "2.12",
    "2.13",
    "2.14",
    "3.01",
    "3.02",
    "4.01",
    "4.02",
    "4.03",
    "4.04",
    "4.05",
    "4.06",
    "4.07",
    "4.08",
    "4.09",
    "4.10",
    "4.11",
    "4.12",
    "4.13",
    "4.14",
    "5.01",
    "6.01",
    "6.02",
    "6.03",
    "6.06",
    "6.07",
    "8.01",
    "8.02",
    "8.03",
    "8.04",
    "8.05",
    "8.06",
    "8.07",
    "8.08",
    "8.09",
    "8.10",
    "8.14",
    "10.01",
    "10.02",
    "10.07",
    "10.08",
    "10.09",
    "10.10",
    "Hardware",
    "and",
    "physical",
    "devices"
  ],
  "13": [
    "1.01",
    "1.02",
    "1.03",
    "1.04",
    "1.05",
    "1.06",
    "1.07",
    "2.01",
    "2.02",
    "2.03",
    "2.04",
    "2.05",
    "2.06",
    "2.07",
    "2.08",
    "2.09",
    "2.10",
    "2.11",
    "2.12",
    "2.13",
    "2.14",
    "3.01",
    "3.02",
    "4.01",
    "4.02",
    "4.03",
    "4.04",
    "4.05",
    "4.06",
    "4.07",
    "4.08",
    "4.09",
    "4.10",
    "4.11",
    "4.12",
    "4.13",
    "4.14",
    "4.15",
    "5.01",
    "5.04",
    "6.01",
    "6.02",
    "6.03",
    "6.06",
    "6.07",
    "6.10",
    "6.11",
    "6.12",
    "6.13",
    "6.14",
    "7.01",
    "7.02",
    "7.03",
    "7.04",
    "7.05",
    "7.06",
    "7.07",
    "7.08",
    "7.09",
    "7.10",
    "7.11",
    "8.01",
    "8.02",
    "8.03",
    "8.04",
    "8.05",
    "8.06",
    "8.07",
    "8.08",
    "8.09",
    "8.10",
    "8.11",
    "8.12",
    "8.13",
    "8.14",
    "9.01",
    "9.02",
    "9.03",
    "9.04",
    "9.05",
    "9.06",
    "9.07",
    "9.08",
    "9.09",
    "10.01",
    "10.02",
    "10.03",
    "10.04",
    "10.05",
    "10.06",
    "10.07",
    "10.08",
    "10.09",
    "10.10",
    "10.11",
    "10.12",
    "10.13",
    "10.14",
    "11.01",
    "11.02",
    "11.03",
    "11.04",
    "Software",
    "licencing",
    "(excluding",
    "SaaS)"
  ],
  "14": [
    "1.01",
    "1.02",
    "1.03",
    "1.04",
    "1.05",
    "1.06",
    "1.07",
    "2.01",
    "2.02",
    "2.03",
    "2.04",
    "2.05",
    "2.06",
    "2.07",
    "3.01",
    "3.02",
    "4.01",
    "4.02",
    "4.03",
    "4.04",
    "4.05",
    "4.06",
    "4.07",
    "4.08",
    "4.09",
    "4.10",
    "4.11",
    "4.12",
    "4.13",
    "4.14",
    "4.15",
    "5.01",
    "5.02",
    "5.03",
    "5.04",
    "6.01",
    "6.02",
    "6.03",
    "6.04",
    "6.05",
    "6.06",
    "6.07",
    "6.08",
    "6.09",
    "6.10",
    "6.11",
    "6.12",
    "6.13",
    "6.14",
    "7.01",
    "7.02",
    "7.03",
    "7.04",
    "7.05",
    "7.06",
    "7.07",
    "7.08",
    "7.09",
    "7.10",
    "7.11",
    "8.01",
    "8.02",
    "8.03",
    "8.04",
    "8.05",
    "8.06",
    "8.07",
    "8.08",
    "8.09",
    "8.10",
    "8.11",
    "8.12",
    "8.13",
    "8.14",
    "9.01",
    "9.02",
    "9.03",
    "9.04",
    "9.05",
    "9.06",
    "9.07",
    "9.08",
    "9.09",
    "10.01",
    "10.02",
    "10.03",
    "10.04",
    "10.05",
    "10.06",
    "10.07",
    "10.08",
    "10.09",
    "10.10",
    "10.11",
    "10.12",
    "10.13",
    "10.14",
    "11.01",
    "11.02",
    "11.03",
    "11.04",
    "ICT",
    "operation",
    "management",
    "(including",
    "maintenance)"
  ],
  "15": [
    "1.01",
    "1.02",
    "1.03",
    "1.04",
    "1.05",
    "1.06",
    "2.01",
    "2.02",
    "2.03",
    "2.04",
    "2.05",
    "2.06",
    "2.07",
    "2.08",
    "2.09",
    "2.10",
    "2.11",
    "2.12",
    "2.13",
    "2.14",
    "3.01",
    "3.02",
    "4.01",
    "4.02",
    "4.03",
    "4.04",
    "4.09",
    "4.10",
    "4.11",
    "5.01",
    "5.04",
    "6.01",
    "6.02",
    "6.03",
    "6.06",
    "6.07",
    "6.10",
    "6.11",
    "6.12",
    "6.13",
    "6.14",
    "7.01",
    "7.02",
    "7.03",
    "7.04",
    "7.05",
    "7.06",
    "7.07",
    "7.08",
    "7.09",
    "7.10",
    "7.11",
    "8.01",
    "8.02",
    "8.03",
    "8.05",
    "8.06",
    "8.07",
    "8.08",
    "8.09",
    "8.10",
    "8.14",
    "10.01",
    "10.02",
    "10.07",
    "10.08",
    "10.09",
    "10.10",
    "10.11",
    "11.01",
    "11.02",
    "11.03",
    "11.04",
    "ICT",
    "Consulting"
  ],
  "16": [
    "1.01",
    "1.02",
    "1.03",
    "1.04",
    "1.05",
    "1.06",
    "2.01",
    "2.02",
    "2.03",
    "2.04",
    "2.05",
    "2.06",
    "2.07",
    "2.08",
    "2.09",
    "2.10",
    "2.11",
    "2.12",
    "2.13",
    "2.14",
    "3.01",
    "3.02",
    "4.01",
    "4.02",
    "4.03",
    "4.04",
    "4.05",
    "4.06",
    "4.09",
    "4.10",
    "4.11",
    "5.01",
    "6.01",
    "6.02",
    "6.03",
    "6.06",
    "6.07",
    "6.10",
    "6.11",
    "6.12",
    "6.13",
    "6.14",
    "7.01",
    "7.02",
    "7.03",
    "7.04",
    "7.05",
    "7.06",
    "7.07",
    "7.08",
    "7.09",
    "7.10",
    "7.11",
    "8.01",
    "8.02",
    "8.03",
    "8.05",
    "8.06",
    "8.07",
    "8.08",
    "8.09",
    "8.10",
    "8.14",
    "10.01",
    "10.02",
    "10.07",
    "10.08",
    "10.09",
    "10.10",
    "10.11",
    "11.01",
    "11.02",
    "11.03",
    "11.04",
    "ICT",
    "Risk",
    "management"
  ],
  "17": [
    "1.01",
    "1.02",
    "1.03",
    "1.04",
    "1.05",
    "1.06",
    "2.01",
    "2.02",
    "2.03",
    "2.04",
    "2.05",
    "2.06",
    "2.07",
    "2.08",
    "2.09",
    "2.10",
    "2.11",
    "2.12",
    "2.13",
    "2.14",
    "3.01",
    "3.02",
    "4.01",
    "4.02",
    "4.03",
    "4.04",
    "4.05",
    "4.06",
    "4.07",
    "4.08",
    "4.09",
    "4.10",
    "4.11",
    "4.12",
    "4.13",
    "4.14",
    "4.15",
    "5.01",
    "5.02",
    "5.03",
    "5.04",
    "6.01",
    "6.02",
    "6.03",
    "6.04",
    "6.05",
    "6.06",
    "6.07",
    "6.08",
    "6.09",
    "6.10",
    "6.11",
    "6.12",
    "6.13",
    "6.14",
    "7.01",
    "7.02",
    "7.03",
    "7.04",
    "7.05",
    "7.06",
    "7.07",
    "7.08",
    "7.09",
    "7.10",
    "7.11",
    "8.01",
    "8.02",
    "8.03",
    "8.04",
    "8.05",
    "8.06",
    "8.07",
    "8.08",
    "8.09",
    "8.10",
    "8.11",
    "8.12",
    "8.13",
    "8.14",
    "9.01",
    "9.02",
    "9.03",
    "9.04",
    "9.05",
    "9.06",
    "9.07",
    "9.08",
    "9.09",
    "10.01",
    "10.02",
    "10.03",
    "10.04",
    "10.05",
    "10.06",
    "10.07",
    "10.08",
    "10.09",
    "10.10",
    "10.11",
    "10.12",
    "10.13",
    "10.14",
    "11.01",
    "11.02",
    "11.03",
    "11.04",
    "Cloud",
    "services:",
    "IaaS"
  ],
  "18": [
    "1.01",
    "1.02",
    "1.03",
    "1.04",
    "1.05",
    "1.06",
    "2.01",
    "2.02",
    "2.03",
    "2.04",
    "2.05",
    "2.06",
    "2.07",
    "2.08",
    "2.09",
    "2.10",
    "2.11",
    "2.12",
    "2.13",
    "2.14",
    "3.01",
    "3.02",
    "4.01",
    "4.02",
    "4.03",
    "4.04",
    "4.05",
    "4.06",
    "4.07",
    "4.08",
    "4.09",
    "4.10",
    "4.11",
    "4.12",
    "4.13",
    "4.14",
    "4.15",
    "5.01",
    "5.02",
    "5.03",
    "5.04",
    "6.01",
    "6.02",
    "6.03",
    "6.04",
    "6.05",
    "6.06",
    "6.07",
    "6.08",
    "6.09",
    "6.10",
    "6.11",
    "6.12",
    "6.13",
    "6.14",
    "7.01",
    "7.02",
    "7.03",
    "7.04",
    "7.05",
    "7.06",
    "7.07",
    "7.08",
    "7.09",
    "7.10",
    "7.11",
    "8.01",
    "8.02",
    "8.03",
    "8.04",
    "8.05",
    "8.06",
    "8.07",
    "8.08",
    "8.09",
    "8.10",
    "8.11",
    "8.12",
    "8.13",
    "8.14",
    "9.01",
    "9.02",
    "9.03",
    "9.04",
    "9.05",
    "9.06",
    "9.07",
    "9.08",
    "9.09",
    "10.01",
    "10.02",
    "10.03",
    "10.04",
    "10.05",
    "10.06",
    "10.07",
    "10.08",
    "10.09",
    "10.10",
    "10.11",
    "10.12",
    "10.13",
    "10.14",
    "11.01",
    "11.02",
    "11.03",
    "11.04",
    "Cloud",
    "services:",
    "PaaS"
  ],
  "19": [
    "1.01",
    "1.02",
    "1.03",
    "1.04",
    "1.05",
    "1.06",
    "2.01",
    "2.02",
    "2.03",
    "2.04",
    "2.05",
    "2.06",
    "2.07",
    "2.08",
    "2.09",
    "2.10",
    "2.11",
    "2.12",
    "2.13",
    "2.14",
    "3.01",
    "3.02",
    "4.01",
    "4.02",
    "4.03",
    "4.04",
    "4.05",
    "4.06",
    "4.07",
    "4.08",
    "4.09",
    "4.10",
    "4.11",
    "4.12",
    "4.13",
    "4.14",
    "4.15",
    "5.01",
    "5.02",
    "5.03",
    "5.04",
    "6.01",
    "6.02",
    "6.03",
    "6.04",
    "6.05",
    "6.06",
    "6.07",
    "6.08",
    "6.09",
    "6.10",
    "6.11",
    "6.12",
    "6.13",
    "6.14",
    "7.01",
    "7.02",
    "7.03",
    "7.04",
    "7.05",
    "7.06",
    "7.07",
    "7.08",
    "7.09",
    "7.10",
    "7.11",
    "8.01",
    "8.02",
    "8.03",
    "8.04",
    "8.05",
    "8.06",
    "8.07",
    "8.08",
    "8.09",
    "8.10",
    "8.11",
    "8.12",
    "8.13",
    "8.14",
    "9.01",
    "9.02",
    "9.03",
    "9.04",
    "9.05",
    "9.06",
    "9.07",
    "9.08",
    "9.09",
    "10.01",
    "10.02",
    "10.03",
    "10.04",
    "10.05",
    "10.06",
    "10.07",
    "10.08",
    "10.09",
    "10.10",
    "10.11",
    "10.12",
    "10.13",
    "10.14",
    "11.01",
    "11.02",
    "11.03",
    "11.04",
    "Cloud",
    "services:",
    "SaaS"
  ]
}