[
  {
    "id": "1.01",
    "domain": "Cyber security management and oversight",
    "subdomain": "Information Security Policy and Organisation",
    "text": "Does your organisation have documented Information Security policies and standards?",
    "options": [
      "Yes",
      "No"
    ]
  },
  {
    "id": "1.02",
    "domain": "Cyber security management and oversight",
    "subdomain": "Information Security Policy and Organisation",
    "text": "Is the Information security policy approved by the senior management of your organisation?",
    "options": [
      "Yes",
      "No"
    ]
  },
  {
    "id": "1.03",
    "domain": "Cyber security management and oversight",
    "subdomain": "Information Security Policy and Organisation",
    "text": "How frequently is the Information security policy updated?",
    "options": [
      "Every 12 months",
      "Every 18 months",
      "Every 24 months",
      "More than 24 months"
    ]
  },
  {
    "id": "1.04",
    "domain": "Cyber security management and oversight",
    "subdomain": "Information Security Policy and Organisation",
    "text": "Do you have a Chief Information Security Officer or similar role in organisation?",
    "options": [
      "Yes",
      "No",
      "NA"
    ]
  },
  {
    "id": "1.05",
    "domain": "Cyber security management and oversight",
    "subdomain": "Information Security Policy and Organisation",
    "text": "Does your security policy take into account the security of physical information (Desk / Storage in paper format / Destruction.) ?",
    "options": [
      "Yes - Every 6 months",
      "Yes - Every 12 months",
      "Yes - Every 24 months",
      "No"
    ]
  },
  {
    "id": "1.06",
    "domain": "Cyber security management and oversight",
    "subdomain": "Information Security Policy and Organisation",
    "text": "Does your policy include a confidentiality for travel? (Examples: privacy screen / Public WiFi.)?",
    "options": [
      "Yes",
      "No",
      "NA"
    ]
  },
  {
    "id": "1.07",
    "domain": "Cyber security management and oversight",
    "subdomain": "Audit",
    "text": "Are your information security controls subject to regular internal/ external audits?",
    "options": [
      "Yes - Every 6 months",
      "Yes - Every 12 months",
      "Yes - Every 24 months",
      "No",
      "NA"
    ]
  },
  {
    "id": "2.01",
    "domain": "Risk management",
    "subdomain": "Risk Assessment",
    "text": "Does your organization perform periodic risk assessments to identify data security and cybersecurity threats, vulnerabilities, and potential business impact?",
    "options": [
      "Yes - Every 6 months",
      "Yes - Every 12 months",
      "Yes - Every 24 months",
      "No"
    ]
  },
  {
    "id": "2.02",
    "domain": "Risk management",
    "subdomain": "Asset management and lifecycle management",
    "text": "Does your organization have a policy for maintaining IT assets and managing obsolescence, complemented by formalized procedures ?",
    "options": [
      "Yes",
      "but without procedure",
      "Yes",
      "with procedure",
      "No"
    ]
  },
  {
    "id": "2.03",
    "domain": "Risk management",
    "subdomain": "Asset management and lifecycle management",
    "text": "Does your organization maintain an inventory of all IT assets, updated through formalized procedures ?",
    "options": [
      "Yes",
      "but without updated procedure",
      "Yes",
      "with updated procedure",
      "No"
    ]
  },
  {
    "id": "2.04",
    "domain": "Risk management",
    "subdomain": "Asset management and lifecycle management",
    "text": "Does your organization maintain an inventory of network interconnections with service providers, updated through formalized procedures ?",
    "options": [
      "Yes",
      "but without updated procedure",
      "Yes",
      "with updated procedure",
      "No"
    ]
  },
  {
    "id": "2.05",
    "domain": "Risk management",
    "subdomain": "Asset management",
    "text": "If you store or process Soci\u00e9t\u00e9 G\u00e9n\u00e9rale data, do you classify your data?",
    "options": [
      "Yes",
      "No",
      "NA"
    ]
  },
  {
    "id": "2.06",
    "domain": "Risk management",
    "subdomain": "Asset management",
    "text": "Do you store or process Soci\u00e9t\u00e9 G\u00e9n\u00e9rale's data on non-production environments such as dev, QA, UAT etc.?",
    "options": [
      "Yes",
      "No"
    ]
  },
  {
    "id": "2.07",
    "domain": "Risk management",
    "subdomain": "Asset management",
    "text": "If yes, are the same security measures applied to non-production environment that contains Soci\u00e9t\u00e9 G\u00e9n\u00e9rale's data?",
    "options": [
      "Yes",
      "No"
    ]
  },
  {
    "id": "2.08",
    "domain": "Risk management",
    "subdomain": "Supply chain / Sub-contracting",
    "text": "Have your organization established a third-party risk management process, validated by organizational stakeholders?",
    "options": [
      "Yes - formally defined",
      "Yes - Informal process",
      "No",
      "NA"
    ]
  },
  {
    "id": "2.09",
    "domain": "Risk management",
    "subdomain": "Supply chain / Sub-contracting",
    "text": "Do you perform risk assessment on your third parties?",
    "options": [
      "Yes - every 12 months",
      "Yes - every 24 months",
      "No",
      "NA"
    ]
  },
  {
    "id": "2.10",
    "domain": "Risk management",
    "subdomain": "Supply chain / Sub-contracting",
    "text": "What tools do you use to perform cybersecurity risk assessment on your third-parties?",
    "options": [
      "Audit",
      "questionnaire..."
    ]
  },
  {
    "id": "2.11",
    "domain": "Risk management",
    "subdomain": "Supply chain / Sub-contracting",
    "text": "How often do you re-assess the risks related to your third-parties (including cybersecurity risk)?",
    "options": [
      "No re-assessment -"
    ]
  },
  {
    "id": "2.12",
    "domain": "Risk management",
    "subdomain": "Supply chain / Sub-contracting",
    "text": "Does your organisation require third parties to remediate cyber security and data security risk assessment/audit findings within a prescribed timeframe?",
    "options": [
      "Yes - within timeframe",
      "Yes - without timeframe",
      "No"
    ]
  },
  {
    "id": "2.13",
    "domain": "Risk management",
    "subdomain": "Supply chain / Sub-contracting",
    "text": "Does your organization incorporate information security clauses, in third party vendor contracts?",
    "options": [
      "Yes - every 12 months",
      "Yes - every 24 months",
      "No"
    ]
  },
  {
    "id": "2.14",
    "domain": "Risk management",
    "subdomain": "Supply chain / Sub-contracting",
    "text": "Do you share/process Soci\u00e9t\u00e9 G\u00e9n\u00e9rale's data with any third parties ?",
    "options": [
      "Yes - For all services",
      "Yes - On an ad hoc basis",
      "No - never"
    ]
  },
  {
    "id": "3.01",
    "domain": "Awareness, skills & capacity",
    "subdomain": "Background checks and NDA",
    "text": "Are all employment candidates, contractors and involved third parties subject to background verification check and require to sign Confidentiality and/or Non Disclosure Agreements?",
    "options": [
      "Yes",
      "No"
    ]
  },
  {
    "id": "3.02",
    "domain": "Awareness, skills & capacity",
    "subdomain": "Education and training",
    "text": "How often does your organisation provide cybersecurity awareness education and training to the personnel and to the security of the information system to perform their cybersecurity-related duties and responsibilities consistent with related policies, procedures, and agreements?",
    "options": [
      "Yes",
      "No"
    ]
  },
  {
    "id": "4.01",
    "domain": "Access management",
    "subdomain": "Access management",
    "text": "Does your organisation have a documented processes on Identity and Access management for internal and external users (e.g. joiners, movers, termination of employment, contracts or agreements, access recertification process, etc.)?",
    "options": [
      "Yes",
      "No"
    ]
  },
  {
    "id": "4.02",
    "domain": "Access management",
    "subdomain": "Access management",
    "text": "Do you apply Role Based Access Control for managing user access to systems and applications?",
    "options": [
      "Yes",
      "No"
    ]
  },
  {
    "id": "4.03",
    "domain": "Access management",
    "subdomain": "Access management",
    "text": "Are access to systems / applications granted based on an individual's role and responsibility (RBAC) with the minimum set of privileges?",
    "options": [
      "Yes - least privilege RBAC",
      "No - Extended privilege"
    ]
  },
  {
    "id": "4.04",
    "domain": "Access management",
    "subdomain": "Access management",
    "text": "How often do you undertake a user access rights review for all systems / applications for BUSINESS users?",
    "options": [
      "Every 6 month",
      "Every 12 months",
      "Every 18 months",
      "Every 24 months",
      "More than 24 months"
    ]
  },
  {
    "id": "4.05",
    "domain": "Access management",
    "subdomain": "Access management",
    "text": "How often do you undertake a user access rights review for PRIVILEGED users?",
    "options": [
      "Every 6 month",
      "Every 12 months",
      "Every 18 months",
      "Every 24 months",
      "More than 24 months"
    ]
  },
  {
    "id": "4.06",
    "domain": "Access management",
    "subdomain": "Access management",
    "text": "How often do you undertake a user access rights review for GENERIC/SHARED and SYSTEM/SERVICE accounts?",
    "options": [
      "Every 6 month",
      "Every 12 months",
      "Every 18 months",
      "Every 24 months",
      "More than 24 months"
    ]
  },
  {
    "id": "4.07",
    "domain": "Access management",
    "subdomain": "Access management",
    "text": "Do you have controls in place to detect unauthorised access?",
    "options": [
      "Yes - Infrastructure",
      "Operating Systems",
      "Yes - Network access",
      "Yes - Application access",
      "Yes - Databases access",
      "None"
    ]
  },
  {
    "id": "4.08",
    "domain": "Access management",
    "subdomain": "Remote access",
    "text": "Do privileged account owners, such as system admins, database admins, cloud admins, etc. require to use intermediary host/server to access technical accounts?",
    "options": [
      "No - Direct Access",
      "Yes - Proxy",
      "Jump host or Bastion host"
    ]
  },
  {
    "id": "4.09",
    "domain": "Access management",
    "subdomain": "Remote access",
    "text": "Do you require strong (multifactor (MFA)) authentication to secure remote access to locally or externally (including cloud) hosted IT systems and networks?",
    "options": [
      "2FA is used for both locally and externally hosted IT systems and networks",
      "2FA is used only for externally hosted IT systems and networks",
      "2FA is used only for locally hosted IT systems and networks",
      "2FA is not used",
      "NA"
    ]
  },
  {
    "id": "4.10",
    "domain": "Access management",
    "subdomain": "Strong authentication",
    "text": "Do you have a strong authentication 2FA system for both business and privileged users accessing information systems (hosted locally or externally) that contain Soci\u00e9t\u00e9 G\u00e9n\u00e9rale's data?",
    "options": [
      "2FA is used for both privileged and business users",
      "2FA is used only privileged users",
      "2FA is used only business users",
      "2FA is NOT used for business or privileged users",
      "NA"
    ]
  },
  {
    "id": "4.11",
    "domain": "Access management",
    "subdomain": "Strong authentication",
    "text": "Are password policy settings configured for all systems / applications involved in Soci\u00e9t\u00e9 G\u00e9n\u00e9rale's data processing?",
    "options": [
      "At least 8 characters",
      "A combination of upper case",
      "lower case",
      "numbers and special characters\\nexpiration period less than or equal to 90 days",
      "Prevent the last 5 passwords to be used",
      "None"
    ]
  },
  {
    "id": "4.12",
    "domain": "Access management",
    "subdomain": "Log collection",
    "text": "Are authentication failures logged for privileged, business, shared/generic and service accounts?",
    "options": [
      "Yes - For Privileged accounts",
      "Yes - For Business accounts",
      "Yes - For Shared",
      "Generic accounts",
      "Yes - For Service accounts",
      "None"
    ]
  },
  {
    "id": "4.13",
    "domain": "Access management",
    "subdomain": "Log collection",
    "text": "Are privileged user account actions logged and reviewed periodically?",
    "options": [
      "Yes - logged and reviewed",
      "Yes - Logged",
      "No"
    ]
  },
  {
    "id": "4.14",
    "domain": "Access management",
    "subdomain": "Log collection",
    "text": "Are security event logging enabled for workstation, application server, database server, authentication server and cloud resources?",
    "options": [
      "Yes - Infrastructure",
      "Operating Systems",
      "Yes - Network devices",
      "Yes - Applications",
      "Yes - Databases",
      "None"
    ]
  },
  {
    "id": "4.15",
    "domain": "Access management",
    "subdomain": "Log collection",
    "text": "Are the logs being stored in a log depository for audit/ post incident investigation purposes?",
    "options": [
      "Yes - For 1-6 months",
      "Yes - For 6-12 months",
      "Yes - For longer than 12 months",
      "None"
    ]
  },
  {
    "id": "5.01",
    "domain": "Physical security",
    "subdomain": "Data centre protection and access control",
    "text": "How are physical accesses to company offices / data centres where Soci\u00e9t\u00e9 G\u00e9n\u00e9rale's data is processed/ accessed / hosted, are protected?",
    "options": [
      "Digital security badge",
      "Trap door",
      "Keypad entry",
      "Physical Security Guard",
      "CCTV surveillance",
      "None"
    ]
  },
  {
    "id": "5.02",
    "domain": "Physical security",
    "subdomain": "Data centre protection and access control",
    "text": "Please indicate which environmental controls are in place to protect organisation data centres where Soci\u00e9t\u00e9 G\u00e9n\u00e9rale's data is stored / processed.",
    "options": [
      "Temperature and humidity controls",
      "Fire Detection and suppression",
      "Uninterrupted Power Supply",
      "Heating",
      "Ventilation and Air conditioning system",
      "None",
      "NA"
    ]
  },
  {
    "id": "5.03",
    "domain": "Physical security",
    "subdomain": "Data centre protection and access control",
    "text": "Is physical access to restricted area (data centre) reviewed & assessed on a regular basis?",
    "options": [
      "Every month",
      "Every 3 months",
      "Every 6 months",
      "Every 12 months",
      "Every 24 months",
      "More than 24 months",
      "None"
    ]
  },
  {
    "id": "5.04",
    "domain": "Physical security",
    "subdomain": "Data centre protection and access control",
    "text": "What are the security measures to protect sensitive / highly sensitive physical information?",
    "options": [
      "Safe",
      "strong cabinet",
      "Storage under lock and key in a secure area with restricted access",
      "None",
      "NA"
    ]
  },
  {
    "id": "6.01",
    "domain": "Data protection",
    "subdomain": "Network security",
    "text": "Specify the technical controls that are in place to safeguard Soci\u00e9t\u00e9 G\u00e9n\u00e9rale's data from unauthorised access / processing?",
    "options": [
      "Firewall",
      "Routers",
      "Switches",
      "DDOS solution",
      "Intrusion Prevention",
      "Detection systems",
      "Data loss Prevention system",
      "Web Application Firewall (WAF)",
      "None"
    ]
  },
  {
    "id": "6.02",
    "domain": "Data protection",
    "subdomain": "Network security",
    "text": "What are the manegement rules for your firewalls exposed to the external environment (internet or partners)?",
    "options": [
      "Re certification of filtering rules with a frequency <= 6 months",
      "Re certification of filtering rules with a frequency > 6 months",
      "No formalized procedure for re-certification",
      "None"
    ]
  },
  {
    "id": "6.03",
    "domain": "Data protection",
    "subdomain": "Network segregation",
    "text": "Is any separation implemented for Soci\u00e9t\u00e9 G\u00e9n\u00e9rale's data processing environment from other clients data?",
    "options": [
      "Yes - Dedicated SG database",
      "Yes - Dedicated SG Server",
      "Yes - Dedicated SG VLAN",
      "Yes - Access account separation in production",
      "None"
    ]
  },
  {
    "id": "6.04",
    "domain": "Data protection",
    "subdomain": "Network segregation",
    "text": "Do you logically / physically segregate production and non-production environments?",
    "options": [
      "Yes",
      "No"
    ]
  },
  {
    "id": "6.05",
    "domain": "Data protection",
    "subdomain": "Network segregation",
    "text": "What measures are implemented to protect access to asset administration functions?",
    "options": [
      "Dedicated administration network",
      "bastion service with bypass control",
      "Bastion service without bastion control",
      "logging of bastion actions",
      "MFA",
      "Dedicated administration",
      "post account",
      "None",
      "Not applicable"
    ]
  },
  {
    "id": "6.06",
    "domain": "Data protection",
    "subdomain": "Encryption",
    "text": "What are the means of data protection for SG data in your IT system ?",
    "options": [
      "Yes - Encryption in transit",
      "Yes - Encryption at rest",
      "None"
    ]
  },
  {
    "id": "6.07",
    "domain": "Data protection",
    "subdomain": "Encryption",
    "text": "Specify an encrypted channel used to transfer Soci\u00e9t\u00e9 G\u00e9n\u00e9rale data.",
    "options": [
      "HTTPS",
      "SFTP",
      "encrypted email",
      "VPN",
      "Citrix",
      "Other encrypted channels",
      "Unencrypted channel",
      "NA"
    ]
  },
  {
    "id": "6.08",
    "domain": "Data protection",
    "subdomain": "Encryption",
    "text": "Do you maintain (including frequent reviews and updates) key management procedures and processes?\\n(Encryption key lifecycle management - key generation, activation, expiration and destruction. Encryption key access and storage).",
    "options": [
      "Yes",
      "No",
      "NA"
    ]
  },
  {
    "id": "6.09",
    "domain": "Data protection",
    "subdomain": "Encryption",
    "text": "Do you create unique client data encryption keys?",
    "options": [
      "Yes - Unique client encryption keys",
      "No - Shared encryption keys"
    ]
  },
  {
    "id": "6.10",
    "domain": "Data protection",
    "subdomain": "Data destruction",
    "text": "Does your organisation enforce a standard process to securely destroy old media containing Soci\u00e9t\u00e9 G\u00e9n\u00e9rale's data?",
    "options": [
      "Yes",
      "No",
      "NA"
    ]
  },
  {
    "id": "6.11",
    "domain": "Data protection",
    "subdomain": "Data destruction",
    "text": "Does your organisation enforce a standard process to securely destroy SG data at the end of contract?",
    "options": [
      "Yes",
      "No",
      "NA"
    ]
  },
  {
    "id": "6.12",
    "domain": "Data protection",
    "subdomain": "Data loss prevention",
    "text": "Are you end-points, email, web-proxies and web services equipped with data loss prevention (DLP) capabilities to detect Soci\u00e9t\u00e9 G\u00e9n\u00e9rale's data leaks?",
    "options": [
      "Physical workstation",
      "Messaging",
      "Browsing",
      "Printing",
      "USB Ports",
      "NA"
    ]
  },
  {
    "id": "6.13",
    "domain": "Data protection",
    "subdomain": "Data loss prevention",
    "text": "What data loss prevention (DLP) solutions does your organization have?",
    "options": [
      "USB ports blocked for reading",
      "Secure physical information storage",
      "Secure printing function",
      "NA"
    ]
  },
  {
    "id": "6.14",
    "domain": "Data protection",
    "subdomain": "Data loss prevention",
    "text": "What translation service do you use?",
    "options": [
      "Online translation service (ex: Google translate)",
      "External translation service",
      "External provider"
    ]
  },
  {
    "id": "7.01",
    "domain": "Vulnerabilities Management",
    "subdomain": "Vulnerabilities scans",
    "text": "Do you conduct regular external and internal tests of the information systems processing Soci\u00e9t\u00e9 G\u00e9n\u00e9rale's data to identify vulnerabilities and attack vectors including penetration testing, red team exercises, or vulnerability scanning?",
    "options": [
      "Yes - Vulnerability scanning",
      "Yes - Penetration testing",
      "Yes - Red team exercises",
      "None"
    ]
  },
  {
    "id": "7.02",
    "domain": "Vulnerabilities Management",
    "subdomain": "Vulnerabilities scans",
    "text": "How frequently do you conduct NETWORK level vulnerability scans?",
    "options": [
      "Every month",
      "Every 3 months",
      "Every 6 months",
      "Every 12 months",
      "More than 12 months",
      "None"
    ]
  },
  {
    "id": "7.03",
    "domain": "Vulnerabilities Management",
    "subdomain": "Vulnerabilities scans",
    "text": "How frequently do you conduct OS level vulnerability scans?",
    "options": [
      "Every month",
      "Every 3 months",
      "Every 6 months",
      "Every 12 months",
      "More than 12 months",
      "None"
    ]
  },
  {
    "id": "7.04",
    "domain": "Vulnerabilities Management",
    "subdomain": "Vulnerabilities scans",
    "text": "How frequently do you conduct Application vulnerability scans?",
    "options": [
      "Every month",
      "Every 3 months",
      "Every 6 months",
      "Every 12 months",
      "More than 12 months",
      "None"
    ]
  },
  {
    "id": "7.05",
    "domain": "Vulnerabilities Management",
    "subdomain": "Penetration tests",
    "text": "How frequently do you conduct external network penetration tests of your service infrastructure (servicing Soci\u00e9t\u00e9 G\u00e9n\u00e9rale's data)?",
    "options": [
      "Every 12 months",
      "Every 24 months",
      "More than 24 months",
      "None"
    ]
  },
  {
    "id": "7.06",
    "domain": "Vulnerabilities Management",
    "subdomain": "Vulnerabilities remediation",
    "text": "Has your organisation defined and enforced formal patch management procedures?",
    "options": [
      "Yes",
      "No"
    ]
  },
  {
    "id": "7.07",
    "domain": "Vulnerabilities Management",
    "subdomain": "Vulnerabilities remediation",
    "text": "Do you adopt a risk rating process to prioritise the remediation of discovered vulnerabilities?",
    "options": [
      "Yes - CVSS",
      "Yes - Internal policy",
      "No"
    ]
  },
  {
    "id": "7.08",
    "domain": "Vulnerabilities Management",
    "subdomain": "Vulnerabilities remediation",
    "text": "Please specify the frequency of critical and high severity vulnerabilities patch deployment for all applications and systems processing Soci\u00e9t\u00e9 G\u00e9n\u00e9rale's data.",
    "options": [
      "Within 1 month",
      "Within 3 months",
      "Within 6 months",
      "Within 12 months",
      "Within 18 months",
      ">18 months",
      "NA"
    ]
  },
  {
    "id": "7.09",
    "domain": "Vulnerabilities Management",
    "subdomain": "Vulnerabilities remediation",
    "text": "Do you have an emergency patch implementation process?",
    "options": [
      "Yes",
      "No"
    ]
  },
  {
    "id": "7.10",
    "domain": "Vulnerabilities Management",
    "subdomain": "Malware",
    "text": "Does your organisation have defences in place against malwares and Advanced Persistent Threats (APT) for the information systems used to process Societe Generale's data?",
    "options": [
      "Yes",
      "No",
      "NA"
    ]
  },
  {
    "id": "7.11",
    "domain": "Vulnerabilities Management",
    "subdomain": "Malware",
    "text": "Does your organisation have defined and enforced antivirus update management procedures?",
    "options": [
      "Yes",
      "No"
    ]
  },
  {
    "id": "8.01",
    "domain": "Incident management",
    "subdomain": "Policy",
    "text": "Does your organisation have a formal process in place to detect, identify, analyse and respond to security incidents?",
    "options": [
      "Yes - fully formalised",
      "Yes - in place to be tested",
      "Yes - Never tested",
      "No"
    ]
  },
  {
    "id": "8.02",
    "domain": "Incident management",
    "subdomain": "Policy",
    "text": "Does your organisation have a notification process to notify SG on any incident that may impact Soci\u00e9t\u00e9 G\u00e9n\u00e9rale's data or Soci\u00e9t\u00e9 G\u00e9n\u00e9rale?",
    "options": [
      "Yes - Fully formalised",
      "Yes - Not formalised",
      "No"
    ]
  },
  {
    "id": "8.03",
    "domain": "Incident management",
    "subdomain": "Policy",
    "text": "What is your escalation timeframe to inform Soci\u00e9t\u00e9 G\u00e9n\u00e9rale of a reportable cyber incident?",
    "options": [
      "Within 12 hours",
      "Within 24 hours",
      "Within 48 hours",
      "Within 72 hours",
      "More than 72 hours"
    ]
  },
  {
    "id": "8.04",
    "domain": "Incident management",
    "subdomain": "Policy",
    "text": "Does your organisation have digital forensic capabilities?",
    "options": [
      "Yes - In house capabilities",
      "Yes - External provider",
      "No"
    ]
  },
  {
    "id": "8.05",
    "domain": "Incident management",
    "subdomain": "Analysis and investigation",
    "text": "Does your organisation have the ability to capture audit logs in case of an incident for further investigation?",
    "options": [
      "Yes",
      "No"
    ]
  },
  {
    "id": "8.06",
    "domain": "Incident management",
    "subdomain": "Analysis and investigation",
    "text": "Do the traces stored in registers for audit or post-incident investigation purposes contain Soci\u00e9t\u00e9 G\u00e9n\u00e9rale sensitive data?",
    "options": [
      "Yes - SG data is stored in logs",
      "No - SG data is not stored in logs"
    ]
  },
  {
    "id": "8.07",
    "domain": "Incident management",
    "subdomain": "Analysis and investigation",
    "text": "Does your organisation enforce controls to protect logs from unauthorised access or corruption?",
    "options": [
      "Yes - logs access controls",
      "No"
    ]
  },
  {
    "id": "8.08",
    "domain": "Incident management",
    "subdomain": "Analysis and investigation",
    "text": "Over the past 12 months, have you experienced any successful cyber security incidents?",
    "options": [
      "1-2",
      "2-5",
      "5+",
      "None",
      "Unwilling to disclose"
    ]
  },
  {
    "id": "8.09",
    "domain": "Incident management",
    "subdomain": "Analysis and investigation",
    "text": "How many of these incidents caused disruption to your activity before resolution?",
    "options": [
      "1",
      "2",
      "3+",
      "None",
      "Unwilling to disclose"
    ]
  },
  {
    "id": "8.10",
    "domain": "Incident management",
    "subdomain": "Analysis and investigation",
    "text": "Have you established remediation plans after these incidents, and if so, have they been closed?.",
    "options": [
      "No",
      "Yes",
      "in progress",
      "Yes",
      "closed",
      "NA"
    ]
  },
  {
    "id": "8.11",
    "domain": "Incident management",
    "subdomain": "Analysis and investigation",
    "text": "Does your organisation have Security Operations Centre (SOC) or equivalent function to monitor information systems / assets to detect, prevent, investigate, and respond to cyber threats and to verify the effectiveness of protective measures?",
    "options": [
      "Yes - SOC function is in place",
      "Yes - Equivalent function is in place",
      "No",
      "NA"
    ]
  },
  {
    "id": "8.12",
    "domain": "Incident management",
    "subdomain": "Recovery",
    "text": "Does your organisation have Active Directory cybersecurity disaster recovery scenario in case Active Directory goes down?",
    "options": [
      "Yes - Fully rehearsed",
      "Yes - In place to be tested",
      "Yes - Never tested",
      "No"
    ]
  },
  {
    "id": "8.13",
    "domain": "Incident management",
    "subdomain": "Recovery",
    "text": "Does your organisation have PAM (Privileged Access Management) solution cyber security disaster recovery scenario in case PAM solution is not available or compromised?",
    "options": [
      "Yes - Fully rehearsed",
      "Yes - In place to be tested",
      "Yes - Never tested",
      "No"
    ]
  },
  {
    "id": "8.14",
    "domain": "Incident management",
    "subdomain": "Recovery",
    "text": "Do you have capability to recover Soci\u00e9t\u00e9 G\u00e9n\u00e9rale's data in case of a failure or data loss?",
    "options": [
      "Yes",
      "No"
    ]
  },
  {
    "id": "9.01",
    "domain": "SDLC & Change and Release Management",
    "subdomain": "Policy and Procedures",
    "text": "Does your organisation have documented software development lifecycle standard?",
    "options": [
      "Yes - fully formalised",
      "Yes - Not formalised",
      "No"
    ]
  },
  {
    "id": "9.02",
    "domain": "SDLC & Change and Release Management",
    "subdomain": "Policy and Procedures",
    "text": "Does your SDLC process includes assessment of supply chain risk associated with the acquisition of code or outsourcing of SW/HW component from external parties/ open source providers as part of the development process?",
    "options": [
      "Yes",
      "No",
      "NA"
    ]
  },
  {
    "id": "9.03",
    "domain": "SDLC & Change and Release Management",
    "subdomain": "Policy and Procedures",
    "text": "Does your SDLC process includes to review codes or libraries from open source or external code providers for security flaws or backdoors ?",
    "options": [
      "Yes",
      "before being integrated in the code base",
      "Yes",
      "before being integrated in the code base and updated on a periodic basic",
      "No",
      "NA"
    ]
  },
  {
    "id": "9.04",
    "domain": "SDLC & Change and Release Management",
    "subdomain": "Policy and Procedures",
    "text": "Does your organisation have configuration change control processes in place to consistently manage changes to hardware and software (e.g., firmware, operating systems, applications) of physical and virtual platforms?",
    "options": [
      "Yes - Fully formalised",
      "Yes - Not formalised",
      "No"
    ]
  },
  {
    "id": "9.05",
    "domain": "SDLC & Change and Release Management",
    "subdomain": "Policy and Procedures",
    "text": "Does your organisation have defined baseline configuration of information technology that incorporates security principles?",
    "options": [
      "Yes - Fully formalised",
      "Yes - Not formalised",
      "No"
    ]
  },
  {
    "id": "9.06",
    "domain": "SDLC & Change and Release Management",
    "subdomain": "Code security assessment",
    "text": "Do you use an automated source code analysis tool (DAST) to detect security defects in code prior to production?",
    "options": [
      "Yes",
      "No",
      "NA"
    ]
  },
  {
    "id": "9.07",
    "domain": "SDLC & Change and Release Management",
    "subdomain": "Code security assessment",
    "text": "Do you use manual source-code analysis (SAST) to detect security defects in code prior to production?",
    "options": [
      "Yes",
      "No",
      "NA"
    ]
  },
  {
    "id": "9.08",
    "domain": "SDLC & Change and Release Management",
    "subdomain": "SBOM",
    "text": "Do you create an SBOM that you can provide to your customers?",
    "options": [
      "Yes",
      "No",
      "NA"
    ]
  },
  {
    "id": "9.09",
    "domain": "SDLC & Change and Release Management",
    "subdomain": "SBOM",
    "text": "What are the elements included in your SBOM?",
    "options": [
      "Component identifiers..."
    ]
  },
  {
    "id": "10.01",
    "domain": "Cloud",
    "subdomain": "Policy",
    "text": "Does your contract give you the right to permit audits on your Cloud Service Provider (CSP)?",
    "options": [
      "Yes",
      "No",
      "NA"
    ]
  },
  {
    "id": "10.02",
    "domain": "Cloud",
    "subdomain": "Policy",
    "text": "What kind of cloud services do you use?",
    "options": [
      "IaaS",
      "PaaS",
      "SaaS",
      "Other",
      "NA"
    ]
  },
  {
    "id": "10.03",
    "domain": "Cloud",
    "subdomain": "Policy",
    "text": "Do you have specific dedicated control framework in place for your resources hosted in the public cloud?",
    "options": [
      "Yes",
      "No",
      "NA"
    ]
  },
  {
    "id": "10.04",
    "domain": "Cloud",
    "subdomain": "Policy",
    "text": "Do you maintain a comprehensive risk assessment for each cloud service prior to utilizing them in your product design ?",
    "options": [
      "Yes",
      "No",
      "NA"
    ]
  },
  {
    "id": "10.05",
    "domain": "Cloud",
    "subdomain": "Data protection",
    "text": "Do you establish and implement security controls related to the usage and configuration of each cloud service?",
    "options": [
      "Yes",
      "No",
      "NA"
    ]
  },
  {
    "id": "10.06",
    "domain": "Cloud",
    "subdomain": "Data protection",
    "text": "Do you enforce these security controls through the proposed policies ?",
    "options": [
      "Preventive control",
      "Detective control",
      "No control",
      "NA"
    ]
  },
  {
    "id": "10.07",
    "domain": "Cloud",
    "subdomain": "Data protection",
    "text": "How do you protect your data hosted by your CSP ?",
    "options": [
      "Encryption",
      "Pseudonymization",
      "Restricted access",
      "No protection",
      "NA"
    ]
  },
  {
    "id": "10.08",
    "domain": "Cloud",
    "subdomain": "Data protection",
    "text": "Can CSP employees access your data in clear text by having access to the Keys or through their IAM rights?",
    "options": [
      "Yes",
      "No",
      "NA"
    ]
  },
  {
    "id": "10.09",
    "domain": "Cloud",
    "subdomain": "Data protection",
    "text": "Where are hosted the key used to encrypt the data you use on your CSP?",
    "options": [
      "On your premise",
      "On CSP data vault",
      "Other",
      "NA"
    ]
  },
  {
    "id": "10.10",
    "domain": "Cloud",
    "subdomain": "Data protection",
    "text": "Do you have a backup policy for data hosted on CSP?",
    "options": [
      "Yes",
      "same policy as on premise",
      "Yes",
      "specific policy",
      "No policy",
      "NA"
    ]
  },
  {
    "id": "10.11",
    "domain": "Cloud",
    "subdomain": "IAM",
    "text": "Does your IAM policy cover the resources hosted on the cloud?",
    "options": [
      "Yes",
      "No",
      "NA"
    ]
  },
  {
    "id": "10.12",
    "domain": "Cloud",
    "subdomain": "IAM",
    "text": "Do you have specific controls for high-privilege users?",
    "options": [
      "Yes",
      "No",
      "NA"
    ]
  },
  {
    "id": "10.13",
    "domain": "Cloud",
    "subdomain": "Security events detection",
    "text": "Do you have a SOC organization (including tools such as SIEM) to centrally detect and manage security events across your infrastructure, covering the public cloud as well?",
    "options": [
      "No SOC",
      "Yes",
      "SOC but excluding public cloud perimeter",
      "Yes SOC including public cloud perimeter"
    ]
  },
  {
    "id": "10.14",
    "domain": "Cloud",
    "subdomain": "Security events detection",
    "text": "Does your incident detection policy cover cloud infrastructures?",
    "options": [
      "Yes",
      "No",
      "NA"
    ]
  },
  {
    "id": "11.01",
    "domain": "AI",
    "subdomain": "AI risk management framework",
    "text": "On what standard is your AI risk management policy based?",
    "options": [
      "NIST.IA",
      "Saif.google..."
    ]
  },
  {
    "id": "11.02",
    "domain": "AI",
    "subdomain": "AI risk management framework",
    "text": "Do you use Soci\u00e9t\u00e9 G\u00e9n\u00e9rale's data for training purposes of your models?",
    "options": [
      "Yes",
      "No"
    ]
  },
  {
    "id": "11.03",
    "domain": "AI",
    "subdomain": "AI risk management framework",
    "text": "What foundation model do you use to run your AI services?",
    "options": [
      "Open IA",
      "Grok..."
    ]
  },
  {
    "id": "11.04",
    "domain": "AI",
    "subdomain": "AI risk management framework",
    "text": "Do you use a subcontractor to operate your AI systems?",
    "options": [
      "Yes",
      "No",
      "NA"
    ]
  }
]