{
  "vendor_id": "v1",
  "services": [
    1
  ],
  "submitted_at": "2025-11-07T01:37:42.514737",
  "answers": [
    {
      "id": "1.01",
      "response": "Yes",
      "comment": ""
    },
    {
      "id": "1.02",
      "response": "Yes",
      "comment": ""
    },
    {
      "id": "1.03",
      "response": "More than 24 months",
      "comment": ""
    },
    {
      "id": "4.01",
      "response": "No",
      "comment": ""
    },
    {
      "id": "6.01",
      "response": "Router/Switches",
      "comment": ""
    },
    {
      "id": "8.01",
      "response": "Yes - fully formalised",
      "comment": ""
    },
    {
      "id": "9.01",
      "response": "Yes - fully formalised",
      "comment": ""
    }
  ],
  "evidences": [
    {
      "id": "1.01",
      "label": "Information Security Policy",
      "file": null
    },
    {
      "id": "1.02",
      "label": "SOC2 Report",
      "file": null
    },
    {
      "id": "1.03",
      "label": "Access Control Policy",
      "file": null
    },
    {
      "id": "4.01",
      "label": "ISO 27001 Certificate",
      "file": null
    },
    {
      "id": "6.01",
      "label": "ISO 27001 Certificate",
      "file": null
    },
    {
      "id": "8.01",
      "label": "ISO 27001 Certificate",
      "file": null
    },
    {
      "id": "9.01",
      "label": "Access Control Policy",
      "file": null
    }
  ]
}