{
  "vendor_id": "v1",
  "services": "1",
  "resp_1.01": "Yes",
  "cmt_1.01": "",
  "ev_label_1.01": "Information Security Policy",
  "resp_1.02": "Yes",
  "cmt_1.02": "",
  "ev_label_1.02": "SOC2 Report",
  "resp_1.03": "More than 24 months",
  "cmt_1.03": "",
  "ev_label_1.03": "Access Control Policy",
  "resp_4.01": "No",
  "cmt_4.01": "",
  "ev_label_4.01": "ISO 27001 Certificate",
  "resp_6.01": "Router/Switches",
  "cmt_6.01": "",
  "ev_label_6.01": "ISO 27001 Certificate",
  "resp_8.01": "Yes - fully formalised",
  "cmt_8.01": "",
  "ev_label_8.01": "ISO 27001 Certificate",
  "resp_9.01": "Yes - fully formalised",
  "cmt_9.01": "",
  "ev_label_9.01": "Access Control Policy"
}