{
  "vendors": [
    {
      "id": "v1",
      "name": "Acme Data Ltd.",
      "email": "vendor1@example.com",
      "review_date": "2025-07-15",
      "services": [
        1,
        2
      ]
    },
    {
      "id": "v2",
      "name": "Nimbus Cloud Corp.",
      "email": "vendor2@example.com",
      "review_date": "2025-08-30",
      "services": [
        17,
        19
      ]
    }
  ],
  "services": [
    {
      "id": 1,
      "name": "ICT Project management"
    },
    {
      "id": 2,
      "name": "ICT Development"
    },
    {
      "id": 3,
      "name": "ICT help desk and first level support"
    },
    {
      "id": 17,
      "name": "Cloud services: IaaS"
    },
    {
      "id": 19,
      "name": "Cloud services: SaaS"
    }
  ],
  "mapping": [
    {
      "service_id": 1,
      "service_name": "ICT Project management",
      "questions": [
        "1.01",
        "1.02",
        "1.03",
        "1.04",
        "1.05",
        "2.01",
        "4.01",
        "4.04",
        "6.01",
        "6.04",
        "8.01",
        "8.02",
        "9.01"
      ]
    },
    {
      "service_id": 2,
      "service_name": "ICT Development",
      "questions": [
        "1.01",
        "1.03",
        "4.01",
        "4.05",
        "7.06",
        "8.05",
        "9.01",
        "9.04",
        "9.05"
      ]
    },
    {
      "service_id": 17,
      "service_name": "Cloud services: IaaS",
      "questions": [
        "6.01",
        "6.03",
        "6.04",
        "10.01",
        "10.03"
      ]
    }
  ],
  "questions": [
    {
      "id": "1.01",
      "domain": "Cyber security management and oversight",
      "subdomain": "Information Security Policy and Organization",
      "question": "Does your organisation have documented Information Security policies and standards?",
      "response_set": [
        "Yes",
        "No",
        "N/A"
      ],
      "weight": 40
    },
    {
      "id": "1.02",
      "domain": "Cyber security management and oversight",
      "subdomain": "Information Security Policy and Organization",
      "question": "Is the Information security policy approved by the senior management?",
      "response_set": [
        "Yes",
        "No",
        "N/A"
      ],
      "weight": 10
    },
    {
      "id": "1.03",
      "domain": "Cyber security management and oversight",
      "subdomain": "Information Security Policy and Organization",
      "question": "How frequently is the Information security policy updated?",
      "response_set": [
        "Every 12 months",
        "Every 18 months",
        "Every 24 months",
        "More than 24 months"
      ],
      "weight": 10
    },
    {
      "id": "4.01",
      "domain": "Access management",
      "subdomain": "Access management",
      "question": "Do you have documented IAM processes for internal and external users?",
      "response_set": [
        "Yes",
        "No"
      ],
      "weight": 10
    },
    {
      "id": "6.01",
      "domain": "Data protection",
      "subdomain": "Network security",
      "question": "Specify the technical controls in place to safeguard SG data from unauthorised access/processing",
      "response_set": [
        "Firewall",
        "Router/Switches",
        "DDoS",
        "IPS/IDS",
        "DLP",
        "WAF",
        "None"
      ],
      "weight": 10
    },
    {
      "id": "8.01",
      "domain": "Incident management",
      "subdomain": "Policy",
      "question": "Does your organisation have a formal process to detect, identify, analyse and respond to security incidents?",
      "response_set": [
        "Yes - Fully tested",
        "Yes - fully formalised",
        "No"
      ],
      "weight": 10
    },
    {
      "id": "9.01",
      "domain": "Change and Release Management",
      "subdomain": "Policy and Procedures",
      "question": "Does your organisation have documented software development lifecycle standard?",
      "response_set": [
        "Yes - fully formalised",
        "No"
      ],
      "weight": 10
    },
    {
      "id": "10.01",
      "domain": "Cloud",
      "subdomain": "Security policy",
      "question": "Security policy for the resources hosted in the public cloud (including Anti-DDoS controls)",
      "response_set": [
        "Yes",
        "No"
      ],
      "weight": 10
    }
  ],
  "evidence_options": [
    "Information Security Policy",
    "SOC2 Report",
    "ISO 27001 Certificate",
    "Access Control Policy",
    "Network Diagram",
    "Backup Policy",
    "Incident Response Plan",
    "PAM DR Runbook",
    "DLP Policy",
    "WAF Config",
    "SIEM Coverage"
  ],
  "evidence_groups": [
    {
      "domain": "Cyber security management and oversight",
      "subdomains": [
        {
          "name": "Information Security Policy and Organisation",
          "evidence": [
            "Information Security Policy",
            "Evidence showing that the policy has been accepted by employees"
          ]
        },
        {
          "name": "Legal and regulatory environment",
          "evidence": [
            "ISO Certificates and SOA (Statement of Applicability)",
            "SOC2 type II report"
          ]
        }
      ]
    },
    {
      "domain": "Risk management",
      "subdomains": [
        {
          "name": "Risk Assessment",
          "evidence": [
            "Risk management policy & framework",
            "Evidence of a Risk Registers/header/tool used",
            "Evidence that your internal audit group or equivalent reviews the Information Security program on periodic basis to ensure that it meets the business risk appetite"
          ]
        },
        {
          "name": "Asset management",
          "evidence": [
            "Asset Management Policy",
            "Obsolescence Policy",
            "Data classification policy",
            "Policy stating that production data cannot be used in Dev/UAT"
          ]
        },
        {
          "name": "Supply chain / Sub-contracting",
          "evidence": [
            "TPRM Policy & Assessment schedule based on risk",
            "Supply chain policy/strategy",
            "Third Party Security Questionnaire sent to your critical vendors",
            "Evidence of a TPRM Vendor registers & Risk Register (screen capture of headers)",
            "Redacted example of Vendor Assessment",
            "Security Contractual clauses with 4th parties",
            "List of 4th party with access to SG data",
            "RACI with CSP & Health check of Cloud platform (if in scope)",
            "Evidence of CSP Security Review (if in scope)"
          ]
        }
      ]
    }
  ]
}