[
  {
    "token": "f161deba59b96859",
    "time": "2025-11-03 11:03",
    "email": "vendor1@example.com",
    "vendor_name": "Vendor 1",
    "vendor_id": "V001",
    "service": "All",
    "subject": "Third-Party Risk Review Questionnaire",
    "body_html": "",
    "draft": true
  },
  {
    "token": "ee70d82484cc0849",
    "time": "2025-11-03 11:03",
    "email": "vendor2@example.com",
    "vendor_name": "Vendor 2",
    "vendor_id": "V002",
    "service": "All",
    "subject": "Third-Party Risk Review Questionnaire",
    "body_html": "<p>Please complete your questionnaire here: <a href=\"http://127.0.0.1:5000/q/ee70d82484cc0849\" target=\"_blank\">http://127.0.0.1:5000/q/ee70d82484cc0849</a></p>",
    "draft": false
  },
  {
    "token": "dd2ffcb7f17d3ff2",
    "time": "2025-11-03 11:48",
    "email": "vendor3@example.com",
    "vendor_name": "Vendor 3",
    "vendor_id": "V003",
    "service": "ICT Project management",
    "subject": "Third-Party Risk Review Questionnaire",
    "body_html": "<p>Please complete your questionnaire here: <a href=\"http://127.0.0.1:5000/q/dd2ffcb7f17d3ff2\" target=\"_blank\">http://127.0.0.1:5000/q/dd2ffcb7f17d3ff2</a></p>",
    "draft": false
  }
]